"","virus","entropy","no_fragments"
"1","WIV1",0.914131473927603,5
"2","iWIV1",1.51024550606724,8
"3","MERS",0.344755527324902,4
"4","iMERS-CoV",1.3151780341897,7
